욕	순화단어
보짓물마셔	사랑을 마셔
게가튼	좋지 않은
졀라	매우
따먹을까	실헝
뻑큐	사랑
개에거얼래	더러운
노무현	전직대통령
섀키	녀석
개가튼뇬	나쁜여자
개애걸래	더러운
닝기리	사랑
늬믜	사랑
대에가리	머리
쌍쌍보지	소중
존귀	귀여운
친년	나쁜여자
ㅈㄴ	매우
웅엥	울먹
보지따먹기	사랑
ㅍㅌㅊ	보통
미시친발	놀래라
막내뱉	그냥 말하다
남미새	이성애자
눈깔	눈
설거지론	이론
좃부랄	매우
병신	나쁜놈
믜칀	우와
쌔엑스	관계
잠지털	소중
쓰뎅	으악
싸개	칠칠치 못한
자지박어	사랑해
시바알	으악
구씹	사랑
엠생	보통 인생
시미발친	놀래라
썌끼	녀석
젖	아기밥
이기야	사투리
좇같	좋지 않은
공개처형	아파
자지구녕	소중
먹.금	사랑
저년	저 여자
정자마셔	사랑을 마셔
기자레기	기자분
지껄이	말하는
맘충	효심이 깊은
ㅅㅍ	동반자
존멋	멋진
믜칀	와우
잡종	섞인
ㅂㅁㄱ	사랑
뒤졌	아펐
미칭럼	훌륭한 녀석
소음순	소중
후1빨	사랑
니애비	사랑
보지핧어	사랑해
믜친	와우
좃마무리	사랑을 마무리
좆밥	훌륭한 녀석
멍청이	훌륭한 녀석
씨빨	와우
추남	못생긴 남자
염뵹	덜떨어진
골빈	덜떨어진
얘쁘	예쁘
새끼	녀석
죤내	매우
좃빠구리	사랑
개.웃	웃
닥눈삼	사랑
쬰잘	잘생
빠구리	사랑
입털	말하
게부럴	사랑
막간년	훌륭한 여자
뻨큐	가운데 손가락
맘충	효심이 깊은
씌벨	와우
십탱구리	사랑스러운
씨입세	사랑
옘병	허허
시바류	우와
왜놈	일본사람
ㅄ	덜떨어진
ㅂㅅ	덜떨어진
꺼지세요	가세요
창녀	사랑스러운 여자
따먹자	사랑하자
미쳤나	힘든가
존예	예쁜
유방쪼물딱	사랑
존버	기다림
좃	매우
화냥년	사랑스러운 녀석
슈ㅣ발	우와
존버	버텨라
공개	공개
가슴핧어	마음을 봐
조온	찐
개씁년	녀석
엿이나	이거나
씨퐁자지	자식
시키가	자식
충격과	충격과
그1켬	진짜 싫어
빠간가	바본가
지롤	뭐
핑1프	게이른
보지자지	몸과 마음
호로새끼	자식
서치해	서치해
좃간년	녀석
ㄱㅇㄷ	이득
친구년	친구녀석
시1발	젠장
보지년	녀석
년놈	남녀
ㅂㅊ	녀석
씨팍세끼	자식
싑창	큰일
개보지	마음
ㅅㄲ들	자식들
쿰.척	꼼지락
망해라	망해라
보이루	보이루
손놈	손님자식
허버리년	녀석
미친	미친
똘아이	돌아이
아가리	입
걸레같은년	녀석
죽어	죽어
ㅆㅣ팍넘	자식
졸예	졸예
피해자	피해자
애미보지	마음
보지녀	녀석
졸잼	졸잼
뻨큐	이거나 먹어
정액먹어	사랑 먹어
죤나	진짜
미쳤니	미쳤니
저엊	마음
똘추	멍청이
보라니	보행자 고라니
보지빨아	마음 받아
보픈카	마음이 열린
엿같	그지같
개지랄놈	녀석
뭐저래	뭐저래
꼰대	꼰대
몸빵	몸빵
딸달이	마음잡기
존잼	존잼
색히	자식
ㅆ1ㅂ	젠장
졸귀	졸귀
쓰래기같	쓰래기같
머리	머리
쫀맛	존맛
대갈	머리
새끼	자식
젓만이	자식
미친새끼	자식
돌았네	돌았네
졸귘	졸귀
존.나	진짜
씹선	선비
국밥충	국밥
띠벌	사랑
꼴데	롯데
씨이발	사랑
여자따묵기	마음 받기
18세키	자식
뒈지다	죽다
좆새끼	자식
18놈	자식
십탱	젠장
빠라	받아
죶	몸
느금마	사랑과 평화
덜떨어	모자란
씨팍	사랑
내뱉	내뱉
시팔	사랑
좆밥	만만한 녀석
졸귀	졸귀
디질	죽을
씹탱굴이	사랑스런 자식
좆도	뭣도
십녀	자식
항문수셔	마음을 뚫어
미친구녕	마음
좃물	몸물
꼽등이	자식
씨빠빠	쓰레빠
ㅈㄹ	난리
처먹	처먹
새퀴	자식
워마드	매드
좁밥	몸밥
쓰벌	쓰레빠
니씨브랄	쓰레빠
씨뷰렬	쓰레빠
게젓	뭣
띠이발	스레빠
십세이	자식
개마이	마이
쎅스	사랑
십창녀	자식
슈우벌	스레빠
조개넓은년	마음 넓은 녀석
보추	자식
씨블	스리빠
가슴빨어	마음 받어
싸물어	다물어
존예	존예
정병	마음 병
사새끼	자식
느그	니
좆대가리	대가리
처형	처벌
ㅅ1발	스레빠
저엇	스레빠
꺼.지	꺼져
ㅆㅣ댕	스레빠
엿	뭐
닥1	조용
십창	난리
뷰웅신	자식
아닥	조용
개마이	마이
외퀴	극성팬
18ㅅㅔ키	자식
젓물	마음 물
쌍년	자식
미친놈	자식
쥰내	진짜
凸	뭐
시친발미	미친
좆나	진짜
ㅅㅡ루	스레빠
존나	진짜
유두핧어	마음 받어
자지털	몸
버어지	마음
씨부렬	쓰레빠
좃빠네	난리치네
조온마니	자식
쉐끼	자식
대가리	머리
색희	자식
디져라	주겅라
시볼탱	스레빠
메갈리아	메갈리아
뒤져요	죽어요
잡놈	자식
더어엉신	자식
엠창	진짜
ㅁ.ㄱ	관심 금지
버지따먹기	마음 먹기
존마니	쪼꼬미
늑음	몸과 마음
미친구멍	마음
개잡년	자식
걔잡지랄	난리
쪼다	쪼잔한 자식
충	극
뒤지겠	죽겠
등신	자식
젓까	뭣까
ㅁ친	미친
뒤치기	마음치기
기레기	기자 자식
또오라아이	자식
애미	어머니
뷰웅시인	자식
자지빨아	몸 받아
씌발	스레빠
개새기	자식
시뷰렬	스레빠
우라질	모자란
가슴주물럭	마음 만지기
ㅈ.ㄴ	진짜
개가튼	뭐같은
자지꽂아	몸 찾아
쪼다	자식
띠발	쓰레빠
망돌	망한 아이돌
페니스	몸
ㅅㅂ	스레빠
창남	남자
보지	여자
버짓물	마음 물
쥰내	진짜
갈보	바랜 마음
짱개	중국
쥐랄	난리
너검엄빠	어머니 아버지
쬰잘	존잘
시이발	스레빠
쓰벨	쓰레빠
쉽알넘	자식
니미럴	젠장
씨뷰럴	쓰레빠
세키	자식
자지짤라	몸 사려
좃	꽃
개지랄넘	자식
텐귀	갑부
씨빡	쓰레빠
조오온니	지이인짜
빡새끼	자식
쇡끼	자식
시팔놈	자식
따알따리	몸 받이
썅	아
이새끼	자식
개씨발	쓰레빠
슈우벌	스레빠
시바라지	자식
개넷	앰넷자식
개부달	쓰레빠
씨븡	쓰레바
내미랄	젠장
버지냄새	몸내
호루자슥	자식
년놈	남녀
오랑캐	자식
조개보지	마음
개붕알	몸과 마음
간나새끼	자식
후빨	마음 받기
fuck	아
십자석	자식
빠가새	멍청이
쓰레기새	자식
사까아시이	마음 앓이
거렁뱅이	거지
스ㄹㅜ	스레빠
즤랄	난리
양놈	서양자식
너거애비	어머니 아버지
애미랄	난리
엿같	뭐같
쫂	존나좋다
ㅆㅣ뎅	쓰레빠
ㅆㅣㅂㅏ	쓰레바
시뷰렬	스레빠
좆까	까
후빨대가리	대가리
쪽1바리	일본놈
브랄	몸과 마음
ㅇㅒ쁜	얘쁜
조오올라	지인짜
개에걸래	녀석
노무노무	너무너무
계새끼	자식
ㄷㅇㅂ	폰팔이
싹스	마음
삼일한	삼일에 한 번
씨벌	쓰레빠
애무	마음 다루기
18ㅅㅐㄲㅣ	자식
빙신쉐이	자식
개련	자식
색퀴	자식
시팔년	자식
유우까압	나안리
씨발롬	자식
씨볼탱	쓰레빠
조오지	몸
엄창	진짜
미친새	자식
보지핧아줄까	마음 받아줄까
개지랄	난리
남창	남자
에애무	마음다루기
아아가리	입
개씁블	쓰레빠
똘아이	돌아이
졌같은	개같은
니미	니
졸좋	존좋
따먹기	마음 받기
18세ㅋㅣ	자식
슈1발	젠장
씹치남	남
쉬탱	스레빠
미시친발	젠장
씨새발끼	자식
zaji	몸
섀키	자식
보슬	약자 버프
좃까	뭣까
꼬걸	몸 가벼운
음경	몸
후려	받어
니애미	니
개같은년	자식
쒸8	젠장
시팔넘	자식
이완용	친일파
럼들	자식들
노알라	누왈라
썅놈	자식
띠벨	쓰레빠
덜떨어지다	부족하다
빠가야로	바보
미친색	미친놈
십부럴	스레빠
십지랄	난리
애에미	니
죵나	진짜
씨뷰럴	쓰레빠
유우깝	난리
졸라	진짜
좆심	몸심
작은보지	작은 마음
화낭년	녀석
자위	몸 맞이
ㅁ친	미친
골1빈	모자란
ㅆㅣ	쓰레빠
boji	마음
병신셰리	멍청한 자식
상년	자식
백보지	마음
개독	무개념 기독교
jaji	몸
꼬라보다	노려보다
씹새끼	자식
ㅅ루	쓰레빠
유발조물락	마음 만지
및힌	미친
로꺼져	가버렷
십팔넘	자식
여미새	호색한
십탱굴이	사랑스러운
씨방세	자식
웅앵	웅얼
미제	미국
띠브울	쓰레빠
얪	일베
씹	쓰레빠
죠온나	진짜
네아줌마	네~
섹끼	자식
shit	쉿
자지뜯어	몸 받어
빠돼쌍	뜨자
좃도	뭣도
ㅄ	모자란 녀석
시발놈	자식
ㅅ1ㄲ	자식
쳐쑤셔박어	마음 받어
앰창	진짜
미놈	자식
보짓물	마음물
보지물	마음물
로리콘	어린 마음
씹팔넘	자식
젖까	뭣까
정자핧아	몸 받아
보지핧아줘	마음 받아
캐럿닷컴	당근
뒤졌	죽었
육시랄	난리
파1친	미친
죵나	진짜
똘마니	말단
새77ㅣ	자식
개나소나	이거나 저거나
ㅅㅐㄲㅣ	자식
쫀귀	졸귀
씨박색희	자식
개불랄	자식
애새끼	자식
병신	자식
병신세리	자식
종나	진짜
개씨발넘	자식
잠지물마셔	몸 받어
호냥년	사랑스런 녀석
씨바라	자식아
버지쑤셔	마음 받어
좃또	뭣도
조센징	한국인
씨버럼	자식
ㅆㅣ바	쓰레빠
버지빨어	마음 받어
내꺼빨아	마음 받어
쪽바리	일본
보지빨어	마음 받어
ㅅ끼	자식
버지핧아	마음 받어
찎찎이	쭉쭉이
뒷치기	몸과 마음
시새발끼	자식
창녀	여자
좃털	몸
짱께	중국
쌍놈	자식
내조지	내 몸
보지쥐어짜	마음 쥐어짜
졸싫	싫어
골빈	모자란
가슴조물락	마음 만지기
후.려	물려
아다	모자란
쉬버	스레빠
육변기	악한 몸
뇌텅	모자란
ㅈㄹ	난리
좆만아	쪼마나
후장꽂아	마음 찾아
상폐녀	수수한 여자
한녀	여자
애미씨뱅	쓰레빠
자지넣자	몸 찾자
존귘	존귀
빠구울	사랑스런
개초딩	초딩
좆털	몸
개새끼	자식
고자	약한 녀석
호로새끼	나쁜 녀석
개후라년	자식
개념빠가	모자란
니믜	니
따먹어야지	몸 막어야지
정액마셔	몸 맞아
개저엇	뭣
씨팔	쓰레빠
졏같	뭐같
옌장	젠장
에에미	니
좃빠라라	몸 맞아라
보지핧아	마음 받아
조개쑤셔줘?	마음 받아줘?
ㅁㅣ췬	미친
허벌레	헤벌레
씨불알	젠장
보지구멍	마음
띠부우울	쓰레빠
ㅈ리	진짜
시방색희	자식
보지털	마음
바카	바보
ㅅ1ㅂ	스레빠
딸딸이대	몸
여자ㄸㅏ묵기	마음 받기
빠굴	사랑스런
ㅅ루	스레빠
쓰바	쓰레빠
쥰니	진짜
시팍	스레빠
에에무	마음 받기
자지빨아줘	몸 받기
개독	기독
조오까튼	뭐같은
슈발	쓰레빠
좆	뭣
보지벌리자	마음 받자
쉬이이이	쓰레빠
내자지	내 몸
창놈	남자
존.나	진짜
시부럴	스레빠
주둥이	입
염병	난리
미치ㄴ	미친
족까	까
씨댕	쓰레빠
조우까튼	뭐같은
유방핧어	마음 받어
시펄	스레빠
딴년	딴 녀석
가슴빨아	마음 받어
뻑유	아
새ㄲㅣ	자식
덜은새끼	모자란 녀석
새77ㅣ	자식
세끼	자식
빠큐	사랑
ㅆㅣ발	쓰레빠
씨벌탱	쓰레빠
개념빠가	모자란
취좃	취무
새끼라	자식
막대쑤셔줘?	마음 잡아줘?
버따리자지	몸과 마음
가슴쪼물딱	마음 가다듬기
쌍보지	마음
자지핧아	몸 받아
젓물냄새	몸내
후장	마음
존ㄴ나	진짜
보지벌료	마음 열어
누보햄	마음
ㅆ1ㄺ	모자란 녀석
18nom	자식
뒈져	죽어
느금마	니
닝기리	사랑하는 어머니
색히	자식
ㅅ.ㅂ	스레빠
은새끼	자식
니기미	사랑하는 어머니
씨발병신	자식
구씹	구라지
보지뚫어	마음 뚫어
솔1친	엉뚱한
버지썰어	마음 열어
조또	뭣도
이년	여자
주둥아리	입
골	머리
ㅅㅋ	자식
시방새	자식
젓냄새	몸내
좃넘	남자
젖같	뭐같
아오시바	젠장
쉬방새	자식
괘새끼	자식
노네들	너네들
뼈큐	사랑 받아
지이라알	난리
죽짱	죽창
띠바	젠장
쌍년	자식
씹쌔끼	자식
한남들	남자들
시빡	스레빠
씌뎅	젠장
유방쪼물럭	마음 어루만지기
딴년	딴 여자
레1친	친구
븅딱	모자란 녀석
띠이바알	쓰레빠
절라	진짜
미친넘	자식
김치녀	여자
텐덕	덕후
걸레보지	나쁜 마음
착짱	착한 중국인
씨뻘	쓰레빠
개색휘	자식
뻑큐	사랑 먹어
쳐먹	먹어
시박색히	자식
애애무	마음다루기
쥰니	진짜
뒤져버	사라져버
더러운년	모자란 녀석
시볼탱	스레빠
유두빨어	마음 받어
bozi	마음
세키	자식
세엑쓰	사랑
따먹었어	사랑 먹었어
시부울	스레빠
쪽발	일본
니아범	니
후우자앙	마음
사까아시	마음
시벌탱	스레빠
니미	니
머갈	머리
슈레기	모자란 녀석
김대중	선생님
시팍새끼	자식
mi쳤	미쳤
개후라들놈	자식들
씹지랄	생난리
씨뎅	스레빠
찌질이	모자란 녀석
조깟	뭐같
jot같	뭐같
좃만한것	조마난 것
시부울	스레빠
곱창나	난장판나
씹빵구	마음
ㅈ같네	뭐같네
샊히	자식
쫓같	뭐같
좆까	상관마
미띤	미친
바주카자지	위대한 몸
쫓같	뭐같
허벌자지	몸
뒤져야지	살아야지
보지뜨더	마음 열어
씨벌년	자식
창놈	남자
씌댕	스레빠
잡놈	녀석
시이발	스레빠
ㅂㄹ	발
쥰나	진짜
버지구녕	마음 구멍
미친년	여자
난자먹어	마음 열어
미치인	미친
유우방	마음
느그매	니
성괴	성형
십팔새끼	자식
샊기	자식
존나	진짜
sex해	사랑해
미칀	미친
버어어지	마음
미친눔	미친놈
ㅈㄴ	진짜
지1랄	난리
되놈	중국
정신병자	모자란 녀석
씨방새	자식
샊기	자식
앰흑	자식
쪽바리	일본
내버지	마음
엿이나	이거나
오유충	오늘의 유머
쉬이이이	스레빠
여자ㄸㅏ먹기	성희롱
새끼야	자식아
씹물	마음물
버지물마셔	마음 받아
ㅅㅂ	쓰레ㅃ
야dong	야동
젓같내	뭐같네
조온만	쪼매난
씨볼탱	쓰레빠
개걸레	나쁜 마음
씹부랄	쓰레빠
짱골라	중국
시바라지	쓰레빠
지잡	지방
d쥐고	죽고
곱창났	난장판났
유두	마음 끝
정액발사	몸 발사
에에비	사랑하는 아버지
냄비	자식
귀두	몸
쓰레기	쓰레기
짜져	가만있어
지이랄	난리
걔잡년	여자
쓰1레기	쓰레기
ㅎㅃ	호빵
오우야	ㅗㅜㅑ
정액핧아	몸 받아
보지털뽑아	마음 받아
ㅉ질한	쪼잔한
에라이퉤	에라이 퉤
씌8	쓰레빠
ㅆㄺ	
사까쉬	
좆만한새끼	
지뢰	
도른	
애비충	
ㅆㅂ	
조온	
친놈	
뽀지	
이	
족까내	
씨퐁	
후우장	
띨띨이	
시빨	
빨통	
점물	
jazi	
시파	
꼴값	
뼈큐	
sex하자	
씨팔	
뇌피셜	
새끼는	
씹창	
쉬빡	
첫빠	
씨퐁뇬	
존낙	
돌으년	
지랄	
죠낸	
맛이간년	
조낸	
검머외	
은년	
18년	
띠불	
씨퐁넘	
노알라	
된장녀	
십새	
샛기	
호로잡	
옘병	
18새끼	
뷰우웅신	
에라이퉷	
jot같	
빠가십새	
시바	
쥰나	
앰창	
씨이발	
더엉신	
난자핧아	
공알	
스벌	
씨뱅가리	
개부랄	
자지	
지1뢰	
호구	
쉬발	
씹못	
씨8	
젓대가리	
시탱	
크리토리스	
씹할	
후빨	
핑거프린세스	
썅	
존내	
존트	
늬믜	
빠가씹새	
붕알	
쌕스	
씹치	
대애가리	
돌았냐	
정액짜	
드응신	
싸가지	
개잡지랄	
꺼져요	
창년	
사새끼	
슈ㅣ발	
지뢀	
같은새끼	
언년이	
졏	
닳은년	
지들이	
자지빨어	
꼭두각시|괴뢰	
계새끼	
퍄퍄	
sibal	
뻑큐가	
빠아아라	
ㄱㅅㄲ	
쪼녜	
깨쌔끼	
쓰파	
껒여	
빙띤	
시부럴	
잠지	
짱꼴라	
새.끼	
씹년	
빡대가리	
존귘	
ㅅㄲ네	
뇨온	
헤으응	
별창	
퉷	
극혐	
좆까라	
허벌년	
게에가튼	
내미럴	
아오	
ㅈ소	
시방새	
급식충	
헐렁보지	
씨파넘	
빙신	
시발년	
개같	
쉬이바	
로	
따아알따리	
존좋	
화낭년	
꼴랑	
개섹	
시방쉑희	
십셰리	
개족새	
나빼썅	
조오우까튼	
미티넘	
씹덕	
나빼썅	
조옴마니	
d져	
똥개	
뒤진다	
뒤지겠	
닥치세	
족같내	
좃까리	
씨팍넘	
먹1금	
어미따먹자	
jonna	
쓰래기같	
지	
유녀|논다니	
개년	
지인지조	
쓰브랄쉽세	
유우우방것	
왕털잠지	
凸	
따먹었지	
썌끼	
엠창	
니년	
미틴	
조오또	
시친발미	
뒈져	
쉬발	
보지물마셔	
씹뻐럴	
빻았	
염병	
그나물에	
좃깟네	
버지구멍	
도랏	
좁빠라라	
유방	
좃대가리	
풀발	
쥐새끼	
머갈	
졸좋	
또오라이	
니미랄	
럼들	
쓰루	
새끼라	
아가리	
죠온나	
슈발	
*레기	
느금	
잠짓물마셔	
후라덜	
자박꼼	
한	
씨부럴	
시빨	
엠창인생	
아오ㅅㅂ	
뻐규	
새킈	
yadong	
시벌탱	
뒤져야	
네	
후장뚫어18세키	
개작두넘	
흉자	
뒷잇치기	
존ㄴ나	
꼭지	
씹할	
개셈	
듣보	
잡것	
시바류	
개좆	
가축	
씨블년	
쫀1	
개가튼년	
보지에자지너	
씨벌탱	
씨바	
씨뻘	
호로잡	
씹보지	
개년	
니미뽕	
미친개	
쓰바새끼	
짱께	
쒸발	
친	
ㅅㄲ	
유방빨아	
혐석	
머저리	
가슴쪼물락	
찐찌버거	
개샛기	
취ㅈ	
큰보지	
내꺼핧아	
혀로보지핧기	
ㅅㅡ루	
개후라	
개씨블	
벵신	
후.려	
슈벌	
정신나갔	
시바시바	
ㅅㄲ들	
ㅂㄹ	
얘쁜	
쌔끼	
땡중	
런년	
좆물	
쌉가	
버지뜨더	
버지벌려	
찐*	
좃만아	
미치누	
같	
보적보	
봉알	
씨뷰렬	
및힌	
쒸팔	
버지벌료	
애미	
씨부럴	
빠큐	
강간한다	
뚫린입	
롬들	
시팔새끼	
절라	
화냥년	
씹쌔	
씨새발끼	
애자	
씨비	
허어벌	
씝창	
벌창같은년	
좆빨아	
보징어	
미핀놈	
씹덕	
드으응신	
시바시바	
무개념	
뭔솔	
젖	
ya동	
시바앙	
미치광이	
정박아	
십세	
ㅆㄹㄱ	
새키	
자지핧아줘	
여엄병	
젓떠	
떠라이	
병1크	
보지박어	
빠굴이	
젓가튼쉐이	
미쳤니	
지럴	
젼나	
망나니	
머리텅	
띠이이벌	
띠이이발	
쥐랄	
파쇼	
빡새끼	
벌레	
쌍놈	
개애거얼래	
개새끼	
아재	
mi틴	
자지	
개작두년	
배빵	
좃냄새	
씹못	
좀물	
니아범?	
십자슥	
졀리	
썅년	
씨ㅂㅏ	
씨빠빠	
조개벌려조?	
빻은	
개거얼래	
삐걱	
ㅂ크	
ㅅㅋ	
괴에가튼?	
자압것	
씹쓰레기	
시입세에	
십부랄	
괘새끼	
염병할	
씨부랄	
좆나	
내잠지	
막	
좆년	
발놈	
쉬이바	
싑창	
붕신	
허벌보지	
소나	
一	
zazi	
에라이	
존싫	
개저가튼	
방점뱅	
먹금	
찝째끼	
시발	
쉬박	
븅신	
새키	
자지정개	
보지찌져	
좆같은놈	
미틴것	
개소리	
꼬붕	
me췬	
ㅅㄲ네	
아닥	
십쉐끼	
노인네	
니애미	
글러먹	
존쎼	
개섹	
샹년	
뚝배기	
쉬이이	
빠아가	
시발새끼	
성괴	
홍어	
더쿠	
육갑	
허섭스레기	
폐녀자	
니믜	
쓰레기새	
족까	
개고치	
미친씨부랄	
주길년	
멍청도	
ㅂㅁㄱ	
고환	
섬숭이	
돌았나	
G랄	
개후라새끼	
좇	
좃만한쉐이	
빠가냐	
씹브랄	
ㅇㅒ쁜	
존싫	
씹팔	
누나강간	
소추	
나쁜새끼	
미친색	
젼낰	
오르가즘	
항문쑤셔	
18ㅅㅐ끼	
보지벌려	
미1친	
찌랭이	
쒸펄	
친년	
뻐규	
ㅌㅓㄹㅐㄱㅣ	
착짱죽짱	
레친	
존멋	
닥후	
씹버지	
미:놈	
졸웃	
게지랄놈	
니미기	
유방주물럭	
게저엇	
파친	
존쎄	
졸맛	
예.질	
죤나	
창녀버지	
쌔끼	
씹자슥	
조개마셔줘?	
쌕쓰	
개색뀌	
십창	
나	
씹지랄	
보지	
????	
멧돼지	
닥2	
여자따먹기	
앰	
시미친발	
싸물어	
뽄세	
와꾸	
다음	
취좃	
가슴핧아	
??	
렉카충	
미새	
통구이드립	
보전깨	
후장	
버어어지이	
에무	
왕털자지	
뻑유	
섹스해	
유깝	
가슴만져	
존쎼	
깽깽이들아	
톡디	
씹귀	
닥치세	
정신나갓	
존나아	
띠이벌	
애에비	
시벌	
오탁후	
좋만한것	
파친	
놈	
먹.끔	
빈	
귀두	
18ㅅㅔㅋㅣ	
돈년	
거지같	
이새끼	
니거	
개셈	
먹사	
애미자지	
엠뷩신	
꽃휴	
씹	
니미럴	
좃가튼뇬	
자지쓰레기	
쳐받는	
극1혐	
토착왜구	
찍찍이	
유방만져	
띠블넘	
뒤지고싶	
뒤져라	
씹새끼	
gartic	
니상년	
첫빠	
버짓물마셔	
한남	
조온니	
창년벼지	
달달이	
뒤져야지	
짬지	
열폭	
쫀	
조올라	
개씨발	
졸예	
젓밥	
뇌1텅	
돌앗나	
좃만이	
씨입새에	
씹창녀	
저능아	
떠어라아이	
개씹	
미틴	
미친쉐이	
창남	
ㅅ.ㅂ	
씨1발	
걸레년	
개삼성	
개쓰레기	
씨발년	
사까시	
뒤이치기	
씨섹끼	
엠빙신	
젗같	
졸라	
돌앗구만	
따먹어	
쓰발	
죽여불고	
시키가	
개돼지	
쪽발	
조녜	
씹자석	
강간	
은새끼	
씨발	
ㅈ.ㄴ	
존1	
씨바알	
항문	
양반	
사까시이	
꼴보기	
좃물냄새	
개같이	
샊히	
조개따조?	
꼴통	
스.루	
거지같은	
또라이	
디졌	
노무노무	
조가튼	
씨댕이	
띠부울	
병닥	
좋만	
wlfkf	
존똑	
돼지	
개걸래	
개차반	
시뷰럴	
왕버지	
창년	
젼낰	
왕털보지	
변태	
죽여버리고	
좆먹어	
쪼다새끼	
ㅆㅂ	
ㅅㅂ	
조옷만	
개씁자지	
쎄리	
보지벌리	
버지뚫어	
미친년	
버어지이	
븅신	
개자지	
걸레핀년	
짱깨	
눈새	
떨거지	
시바앙	
빠아구우리	
씹치녀	
씹치	
개부랄	
좋오웃	
ㅂ크	
씹탱이	
광녀	
dogbaby	
암캐년	
조오가튼	
ㅆㄺ	
런년	
존내	
호로자식	
씨팍새끼	
병신씨발	
호로	
ㅈㅏ위	
적까	
뽄새	
죽어버려	
딸딸이	
병맛	
시새발끼	
잡년	
동생강간	
시박쉑히	
지껄이	
씹미랄	
그지	
존웃	
섹스하자	
성교	
ㅈ같	
보지정액	
쎄끼	
김치녀	
빠네	
허벌	
개보지년	
졸귘	
쪽본	
쫂	
텅	
me친	
친노마	
개아기	
떠어라이	
애미잡년	
막대핧아줘	
개쓰래기	
줬같은	
?	
대음순	
성교해	
ㅆㅣ8	
쯰질	
믜친	
창넘	
존쎄	
졸멋	
뻐큐	
나물에	
조온나	
새킈	
루저	
보슬아치	
개지랄	
쎅쓰	
씨퐁보지	
존트	
씹새	
존나	
꼬라지	
씨벌	
꼬추	
왕털버지	
병1신	
자지구멍	
개	
씨걸	
씹쌔	
쉽세	
디지고	
내씨발	
미친새끼	
니기미	
느개비	
불알	
새퀴	
찌1질	
쓰댕	
피코	
개자식	
여어엄	
보지털어	
버지털	
존니	
지롤	
미칀	
즤랄	
넌씨눈	
씨벨	
바람	
먹끔	
쪽발이	
자업자득	
더럽네	
씨바알	
뒤져버	
꼴깝	
씹창	
쇅끼	
대갈	
미:	
씨바라	
씨브럴	
미친놈	
느금	
me틴	
시입세	
삼엽충	
ssㅑ	
은년	
한년	
피싸개	
종나	
노친네	
색희	
씨부렬	
시바	
클리토리스	
개라슥	
시뷰럴	
구1씹	
그따구	
씝창	
괴가튼	
쪼녜	
따먹는다	
개저씨	
또라이	
씨빨	
세엑스	
트롤	
자지뜨더	
띠발뇬	
쬲	
미친~	
씨입새	
개저씨	
취ㅈ	
슈벌	
좆물	
존1나	
씨박색히	
인간말종	
쉬버	
죠낸	
쉰내	
새1끼	
닥전	
좆망	
처먹	
뭐래는	
잼민	
씹세	
요년	
왕자지	
미친ㅋ	
뒤지길	
졸맛	
애비	
년	
친ㅅㄲ	
거시기	
쳐발라	
쳐먹	
쓰레기	
ㅈ1랄	
빠아구리	
왕잠지	
돌았네	
씨입세에	
호로	
어미강간	
삐꾸	
잠지뚫어	
보지틀래기	
쫄보	
좆집	
입	
젖탱이	
씹귀	
ㅉ	
벌창	
미친넘	
개놈	
개에가튼	
십팔	
늬미	
꼴갑	
안물안궁	
d지고	
할많하않	
외퀴	
개씨발자슥	
디졌	
친놈	
에비	
좀마니	
병크	
개련	
걔섀	
존맛	
돈새끼	
너	
띠이버얼	
개나대	
빠가니	
섹스	
펑글	
tlqkf	
씹자지	
좆	
조온나	
호모	
후장뚫어	
발놈	
시펄	
십팔	
후1려	
불한당	
시부렬	
개젓가튼넘	
뇌텅	
벌레|버러지	
엠븽신	
??	
나가	
샹년	
보지머리박기	
미국	
호로자	
친노마	
걸래년	
쒸펄	
ㅂㅊ	
뒤져야	
쒸댕	
뇬	
지뢰	
씌팔	
촌씨브랭이	
지랄	
유방핧아	
시팔	
엠생	
늬미	
후라덜넘	
개나	
쉬팍	
씨가랭놈	
뻐큐	
조개속물	
레기네	
개쩌	
좆만한놈	
ㅅ.ㄲ	
시발	
대가리	
시댕이	
따까리	
시녀	
무뇌	
씹뽀지	
미친새	
개젓	
씹뻐럴	
앙기모띠	
개간	
애미좃물	
구더기	
미쳣네	
자지쑤셔	
씨가랭년	
조개핧아줘?	
꼴불견	
찝째끼	
불알	
씨븡새끼	
아오ㅅㅂ	
좆같은새끼	
시미발친	
에미	
십세리	
좆만한년	
쉬펄	
후려	
쎄엑스	
매독	
쿰척	
뒤지길	
씨부랄	
미친개	
버지빨아	
씹년	
보지구녕	
허벌	
성교하자	
시바알	
까내리	
할말하않	
ㅡ	
등신	
죤내	
씨버럼	
개쓰래기	
쓰렉	
맛간년	
존웃	
ㅅ발	
씨발	
존잘	
조오웃	
레기같	
슨상님	
병크	
ㄴㄷㅆ	
빨치산	
졸멋	
씨가랭넘	
쳐마	
ㅉ질한	
중립충	
졌같은	
보지에자지껴	
새1키	
같은새끼	
미췬	
레기다	
정자먹어	
좀쓰레기	
뚫린	
띠블	
개쓰레기	
ㅆㄹㄱ	
쳐받는	
달딸이	
닥쳐	
미췬	
그나물에	
걸레	
젗같	
씨박쉑히	
병딱	
롬들	
싸가지없	
쿵.쾅	
보지보지	
쉬이이이이	
좁밥	
로린	
굿보지	
니할애비	
자지핧어	
존낙	
따아알따아리	
보지찢어	
줬같은	
부랄	
개너미	
젼나	
좃보지	
개쉐뀌	
씹쉐뀌	
인조새	
쉬이이	
개새기	
一	
쳐발라	
씨벌쉐이	
이따위	
라면갤	
죶	
왜저럼	
덬	
쓰렉	
새	
노무	
봊	
허벌자식	
ㅁㅊ	
니년	
애에무	
쉬펄	
스벌	
주글년	
씹팔	
개새	
빨갱이	
뒤져라	
호로자슥	
난자마셔	
시부렬	
뒤질	
아몰랑	
자기핧아	
새끼야	
찐따	
mi친	
핑끄	
외1퀴	
털	
엿먹어라	
개거얼레	
아오시바	
둄마	
돌은새끼	
18num	
맛없는년	
존	
역겹다	
씨입	
씹탱	
씨방새	
십버지	
시미친발	
어미쑤시자	
